Section,Ticker,Model,Metric,Report_Value,Code_Value,Status,Notes
Table 4,AAPL,Bullish,Count,332.0,332.0,PASS,Compared to weekly_hmm_state_summary.csv and weekly_hmm_expected_durations.csv.
Table 4,AAPL,Bullish,Mean return,0.01,0.01,PASS,Compared to weekly_hmm_state_summary.csv and weekly_hmm_expected_durations.csv.
Table 4,AAPL,Bullish,Volatility,0.022,0.022,PASS,Compared to weekly_hmm_state_summary.csv and weekly_hmm_expected_durations.csv.
Table 4,AAPL,Bullish,Positive share,0.678,0.678,PASS,Compared to weekly_hmm_state_summary.csv and weekly_hmm_expected_durations.csv.
Table 4,AAPL,Bullish,Expected duration,10.6,10.6,PASS,Compared to weekly_hmm_state_summary.csv and weekly_hmm_expected_durations.csv.
Table 4,AAPL,Bearish,Count,233.0,233.0,PASS,Compared to weekly_hmm_state_summary.csv and weekly_hmm_expected_durations.csv.
Table 4,AAPL,Bearish,Mean return,-0.003,-0.003,PASS,Compared to weekly_hmm_state_summary.csv and weekly_hmm_expected_durations.csv.
Table 4,AAPL,Bearish,Volatility,0.053,0.053,PASS,Compared to weekly_hmm_state_summary.csv and weekly_hmm_expected_durations.csv.
Table 4,AAPL,Bearish,Positive share,0.455,0.455,PASS,Compared to weekly_hmm_state_summary.csv and weekly_hmm_expected_durations.csv.
Table 4,AAPL,Bearish,Expected duration,9.5,9.5,PASS,Compared to weekly_hmm_state_summary.csv and weekly_hmm_expected_durations.csv.
Table 4,IBM,Bullish,Count,430.0,430.0,PASS,Compared to weekly_hmm_state_summary.csv and weekly_hmm_expected_durations.csv.
Table 4,IBM,Bullish,Mean return,0.002,0.002,PASS,Compared to weekly_hmm_state_summary.csv and weekly_hmm_expected_durations.csv.
Table 4,IBM,Bullish,Volatility,0.017,0.017,PASS,Compared to weekly_hmm_state_summary.csv and weekly_hmm_expected_durations.csv.
Table 4,IBM,Bullish,Positive share,0.535,0.535,PASS,Compared to weekly_hmm_state_summary.csv and weekly_hmm_expected_durations.csv.
Table 4,IBM,Bullish,Expected duration,11.0,11.0,PASS,Compared to weekly_hmm_state_summary.csv and weekly_hmm_expected_durations.csv.
Table 4,IBM,Bearish,Count,135.0,135.0,PASS,Compared to weekly_hmm_state_summary.csv and weekly_hmm_expected_durations.csv.
Table 4,IBM,Bearish,Mean return,-0.003,-0.003,PASS,Compared to weekly_hmm_state_summary.csv and weekly_hmm_expected_durations.csv.
Table 4,IBM,Bearish,Volatility,0.055,0.055,PASS,Compared to weekly_hmm_state_summary.csv and weekly_hmm_expected_durations.csv.
Table 4,IBM,Bearish,Positive share,0.489,0.489,PASS,Compared to weekly_hmm_state_summary.csv and weekly_hmm_expected_durations.csv.
Table 4,IBM,Bearish,Expected duration,4.6,4.6,PASS,Compared to weekly_hmm_state_summary.csv and weekly_hmm_expected_durations.csv.
Table 4,MSFT,Bullish,Count,490.0,490.0,PASS,Compared to weekly_hmm_state_summary.csv and weekly_hmm_expected_durations.csv.
Table 4,MSFT,Bullish,Mean return,0.006,0.006,PASS,Compared to weekly_hmm_state_summary.csv and weekly_hmm_expected_durations.csv.
Table 4,MSFT,Bullish,Volatility,0.021,0.021,PASS,Compared to weekly_hmm_state_summary.csv and weekly_hmm_expected_durations.csv.
Table 4,MSFT,Bullish,Positive share,0.604,0.604,PASS,Compared to weekly_hmm_state_summary.csv and weekly_hmm_expected_durations.csv.
Table 4,MSFT,Bullish,Expected duration,12.2,12.2,PASS,Compared to weekly_hmm_state_summary.csv and weekly_hmm_expected_durations.csv.
Table 4,MSFT,Bearish,Count,75.0,75.0,PASS,Compared to weekly_hmm_state_summary.csv and weekly_hmm_expected_durations.csv.
Table 4,MSFT,Bearish,Mean return,-0.004,-0.004,PASS,Compared to weekly_hmm_state_summary.csv and weekly_hmm_expected_durations.csv.
Table 4,MSFT,Bearish,Volatility,0.065,0.065,PASS,Compared to weekly_hmm_state_summary.csv and weekly_hmm_expected_durations.csv.
Table 4,MSFT,Bearish,Positive share,0.453,0.453,PASS,Compared to weekly_hmm_state_summary.csv and weekly_hmm_expected_durations.csv.
Table 4,MSFT,Bearish,Expected duration,3.6,3.6,PASS,Compared to weekly_hmm_state_summary.csv and weekly_hmm_expected_durations.csv.
Table 5,AAPL,HMM-only probability benchmark,ROC-AUC,0.437,0.437,PASS,Compared to controlled_model_summary.csv rounded to 3 decimals.
Table 5,AAPL,HMM-only probability benchmark,PR-AUC,0.513,0.513,PASS,Compared to controlled_model_summary.csv rounded to 3 decimals.
Table 5,AAPL,HMM-only probability benchmark,Balanced accuracy,0.451,0.451,PASS,Compared to controlled_model_summary.csv rounded to 3 decimals.
Table 5,AAPL,HMM-only probability benchmark,F1,0.355,0.355,PASS,Compared to controlled_model_summary.csv rounded to 3 decimals.
Table 5,AAPL,Persistence baseline,ROC-AUC,0.469,0.469,PASS,Compared to controlled_model_summary.csv rounded to 3 decimals.
Table 5,AAPL,Persistence baseline,PR-AUC,0.535,0.535,PASS,Compared to controlled_model_summary.csv rounded to 3 decimals.
Table 5,AAPL,Persistence baseline,Balanced accuracy,0.469,0.469,PASS,Compared to controlled_model_summary.csv rounded to 3 decimals.
Table 5,AAPL,Persistence baseline,F1,0.48,0.48,PASS,Compared to controlled_model_summary.csv rounded to 3 decimals.
Table 5,AAPL,Technical logistic regression,ROC-AUC,0.583,0.583,PASS,Compared to controlled_model_summary.csv rounded to 3 decimals.
Table 5,AAPL,Technical logistic regression,PR-AUC,0.624,0.624,PASS,Compared to controlled_model_summary.csv rounded to 3 decimals.
Table 5,AAPL,Technical logistic regression,Balanced accuracy,0.547,0.547,PASS,Compared to controlled_model_summary.csv rounded to 3 decimals.
Table 5,AAPL,Technical logistic regression,F1,0.486,0.486,PASS,Compared to controlled_model_summary.csv rounded to 3 decimals.
Table 5,AAPL,Technical-only LSTM,ROC-AUC,0.531,0.531,PASS,Compared to controlled_model_summary.csv rounded to 3 decimals.
Table 5,AAPL,Technical-only LSTM,PR-AUC,0.577,0.577,PASS,Compared to controlled_model_summary.csv rounded to 3 decimals.
Table 5,AAPL,Technical-only LSTM,Balanced accuracy,0.525,0.525,PASS,Compared to controlled_model_summary.csv rounded to 3 decimals.
Table 5,AAPL,Technical-only LSTM,F1,0.531,0.531,PASS,Compared to controlled_model_summary.csv rounded to 3 decimals.
Table 5,AAPL,Technical-plus-HMM LSTM,ROC-AUC,0.47,0.47,PASS,Compared to controlled_model_summary.csv rounded to 3 decimals.
Table 5,AAPL,Technical-plus-HMM LSTM,PR-AUC,0.543,0.543,PASS,Compared to controlled_model_summary.csv rounded to 3 decimals.
Table 5,AAPL,Technical-plus-HMM LSTM,Balanced accuracy,0.48,0.48,PASS,Compared to controlled_model_summary.csv rounded to 3 decimals.
Table 5,AAPL,Technical-plus-HMM LSTM,F1,0.326,0.326,PASS,Compared to controlled_model_summary.csv rounded to 3 decimals.
Table 5,AAPL,Train-majority baseline,ROC-AUC,0.5,0.5,PASS,Compared to controlled_model_summary.csv rounded to 3 decimals.
Table 5,AAPL,Train-majority baseline,PR-AUC,0.549,0.549,PASS,Compared to controlled_model_summary.csv rounded to 3 decimals.
Table 5,AAPL,Train-majority baseline,Balanced accuracy,0.5,0.5,PASS,Compared to controlled_model_summary.csv rounded to 3 decimals.
Table 5,AAPL,Train-majority baseline,F1,0.709,0.709,PASS,Compared to controlled_model_summary.csv rounded to 3 decimals.
Table 5,IBM,HMM-only probability benchmark,ROC-AUC,0.539,0.539,PASS,Compared to controlled_model_summary.csv rounded to 3 decimals.
Table 5,IBM,HMM-only probability benchmark,PR-AUC,0.616,0.616,PASS,Compared to controlled_model_summary.csv rounded to 3 decimals.
Table 5,IBM,HMM-only probability benchmark,Balanced accuracy,0.553,0.553,PASS,Compared to controlled_model_summary.csv rounded to 3 decimals.
Table 5,IBM,HMM-only probability benchmark,F1,0.763,0.763,PASS,Compared to controlled_model_summary.csv rounded to 3 decimals.
Table 5,IBM,Persistence baseline,ROC-AUC,0.516,0.516,PASS,Compared to controlled_model_summary.csv rounded to 3 decimals.
Table 5,IBM,Persistence baseline,PR-AUC,0.614,0.614,PASS,Compared to controlled_model_summary.csv rounded to 3 decimals.
Table 5,IBM,Persistence baseline,Balanced accuracy,0.516,0.516,PASS,Compared to controlled_model_summary.csv rounded to 3 decimals.
Table 5,IBM,Persistence baseline,F1,0.607,0.607,PASS,Compared to controlled_model_summary.csv rounded to 3 decimals.
Table 5,IBM,Technical logistic regression,ROC-AUC,0.58,0.58,PASS,Compared to controlled_model_summary.csv rounded to 3 decimals.
Table 5,IBM,Technical logistic regression,PR-AUC,0.673,0.673,PASS,Compared to controlled_model_summary.csv rounded to 3 decimals.
Table 5,IBM,Technical logistic regression,Balanced accuracy,0.555,0.555,PASS,Compared to controlled_model_summary.csv rounded to 3 decimals.
Table 5,IBM,Technical logistic regression,F1,0.38,0.38,PASS,Compared to controlled_model_summary.csv rounded to 3 decimals.
Table 5,IBM,Technical-only LSTM,ROC-AUC,0.583,0.583,PASS,Compared to controlled_model_summary.csv rounded to 3 decimals.
Table 5,IBM,Technical-only LSTM,PR-AUC,0.68,0.68,PASS,Compared to controlled_model_summary.csv rounded to 3 decimals.
Table 5,IBM,Technical-only LSTM,Balanced accuracy,0.552,0.552,PASS,Compared to controlled_model_summary.csv rounded to 3 decimals.
Table 5,IBM,Technical-only LSTM,F1,0.43,0.43,PASS,Compared to controlled_model_summary.csv rounded to 3 decimals.
Table 5,IBM,Technical-plus-HMM LSTM,ROC-AUC,0.585,0.585,PASS,Compared to controlled_model_summary.csv rounded to 3 decimals.
Table 5,IBM,Technical-plus-HMM LSTM,PR-AUC,0.685,0.685,PASS,Compared to controlled_model_summary.csv rounded to 3 decimals.
Table 5,IBM,Technical-plus-HMM LSTM,Balanced accuracy,0.532,0.532,PASS,Compared to controlled_model_summary.csv rounded to 3 decimals.
Table 5,IBM,Technical-plus-HMM LSTM,F1,0.313,0.313,PASS,Compared to controlled_model_summary.csv rounded to 3 decimals.
Table 5,IBM,Train-majority baseline,ROC-AUC,0.5,0.5,PASS,Compared to controlled_model_summary.csv rounded to 3 decimals.
Table 5,IBM,Train-majority baseline,PR-AUC,0.607,0.607,PASS,Compared to controlled_model_summary.csv rounded to 3 decimals.
Table 5,IBM,Train-majority baseline,Balanced accuracy,0.5,0.5,PASS,Compared to controlled_model_summary.csv rounded to 3 decimals.
Table 5,IBM,Train-majority baseline,F1,0.755,0.755,PASS,Compared to controlled_model_summary.csv rounded to 3 decimals.
Table 5,MSFT,HMM-only probability benchmark,ROC-AUC,0.453,0.453,PASS,Compared to controlled_model_summary.csv rounded to 3 decimals.
Table 5,MSFT,HMM-only probability benchmark,PR-AUC,0.567,0.567,PASS,Compared to controlled_model_summary.csv rounded to 3 decimals.
Table 5,MSFT,HMM-only probability benchmark,Balanced accuracy,0.488,0.488,PASS,Compared to controlled_model_summary.csv rounded to 3 decimals.
Table 5,MSFT,HMM-only probability benchmark,F1,0.706,0.706,PASS,Compared to controlled_model_summary.csv rounded to 3 decimals.
Table 5,MSFT,Persistence baseline,ROC-AUC,0.542,0.542,PASS,Compared to controlled_model_summary.csv rounded to 3 decimals.
Table 5,MSFT,Persistence baseline,PR-AUC,0.588,0.588,PASS,Compared to controlled_model_summary.csv rounded to 3 decimals.
Table 5,MSFT,Persistence baseline,Balanced accuracy,0.542,0.542,PASS,Compared to controlled_model_summary.csv rounded to 3 decimals.
Table 5,MSFT,Persistence baseline,F1,0.569,0.569,PASS,Compared to controlled_model_summary.csv rounded to 3 decimals.
Table 5,MSFT,Technical logistic regression,ROC-AUC,0.415,0.415,PASS,Compared to controlled_model_summary.csv rounded to 3 decimals.
Table 5,MSFT,Technical logistic regression,PR-AUC,0.561,0.561,PASS,Compared to controlled_model_summary.csv rounded to 3 decimals.
Table 5,MSFT,Technical logistic regression,Balanced accuracy,0.413,0.413,PASS,Compared to controlled_model_summary.csv rounded to 3 decimals.
Table 5,MSFT,Technical logistic regression,F1,0.564,0.564,PASS,Compared to controlled_model_summary.csv rounded to 3 decimals.
Table 5,MSFT,Technical-only LSTM,ROC-AUC,0.476,0.476,PASS,Compared to controlled_model_summary.csv rounded to 3 decimals.
Table 5,MSFT,Technical-only LSTM,PR-AUC,0.593,0.593,PASS,Compared to controlled_model_summary.csv rounded to 3 decimals.
Table 5,MSFT,Technical-only LSTM,Balanced accuracy,0.472,0.472,PASS,Compared to controlled_model_summary.csv rounded to 3 decimals.
Table 5,MSFT,Technical-only LSTM,F1,0.592,0.592,PASS,Compared to controlled_model_summary.csv rounded to 3 decimals.
Table 5,MSFT,Technical-plus-HMM LSTM,ROC-AUC,0.474,0.474,PASS,Compared to controlled_model_summary.csv rounded to 3 decimals.
Table 5,MSFT,Technical-plus-HMM LSTM,PR-AUC,0.566,0.566,PASS,Compared to controlled_model_summary.csv rounded to 3 decimals.
Table 5,MSFT,Technical-plus-HMM LSTM,Balanced accuracy,0.466,0.466,PASS,Compared to controlled_model_summary.csv rounded to 3 decimals.
Table 5,MSFT,Technical-plus-HMM LSTM,F1,0.528,0.528,PASS,Compared to controlled_model_summary.csv rounded to 3 decimals.
Table 5,MSFT,Train-majority baseline,ROC-AUC,0.5,0.5,PASS,Compared to controlled_model_summary.csv rounded to 3 decimals.
Table 5,MSFT,Train-majority baseline,PR-AUC,0.566,0.566,PASS,Compared to controlled_model_summary.csv rounded to 3 decimals.
Table 5,MSFT,Train-majority baseline,Balanced accuracy,0.5,0.5,PASS,Compared to controlled_model_summary.csv rounded to 3 decimals.
Table 5,MSFT,Train-majority baseline,F1,0.723,0.723,PASS,Compared to controlled_model_summary.csv rounded to 3 decimals.
Section 6 deltas,AAPL,Technical-plus-HMM minus Technical-only,ROC-AUC,-0.061,-0.061,PASS,Computed from controlled_model_summary.csv.
Section 6 deltas,AAPL,Technical-plus-HMM minus Technical-only,PR-AUC,-0.035,-0.035,PASS,Computed from controlled_model_summary.csv.
Section 6 deltas,AAPL,Technical-plus-HMM minus Technical-only,Balanced accuracy,-0.045,-0.045,PASS,Computed from controlled_model_summary.csv.
Section 6 deltas,IBM,Technical-plus-HMM minus Technical-only,ROC-AUC,0.002,0.002,PASS,Computed from controlled_model_summary.csv.
Section 6 deltas,IBM,Technical-plus-HMM minus Technical-only,PR-AUC,0.005,0.005,PASS,Computed from controlled_model_summary.csv.
Section 6 deltas,IBM,Technical-plus-HMM minus Technical-only,Balanced accuracy,-0.02,-0.02,PASS,Computed from controlled_model_summary.csv.
Section 6 deltas,MSFT,Technical-plus-HMM minus Technical-only,ROC-AUC,-0.003,-0.003,PASS,Computed from controlled_model_summary.csv.
Section 6 deltas,MSFT,Technical-plus-HMM minus Technical-only,PR-AUC,-0.027,-0.027,PASS,Computed from controlled_model_summary.csv.
Section 6 deltas,MSFT,Technical-plus-HMM minus Technical-only,Balanced accuracy,-0.006,-0.006,PASS,Computed from controlled_model_summary.csv.
Table 6,AAPL,Technical-plus-HMM minus Technical-only,ROC-AUC,-0.061,-0.061,PASS,"Recomputed from selected_test_predictions.csv with 20000 circular block bootstrap draws, seed 5. Tiny Monte Carlo differences are allowed. CI columns are included in table6_bootstrap_recomputed.csv."
Table 6,AAPL,Technical-plus-HMM minus Technical-only,ROC-AUC,-0.061,-0.061,PASS,"Recomputed from selected_test_predictions.csv with 20000 circular block bootstrap draws, seed 5. Tiny Monte Carlo differences are allowed. CI columns are included in table6_bootstrap_recomputed.csv."
Table 6,AAPL,Technical-plus-HMM minus Technical-only,ROC-AUC,-0.061,-0.061,PASS,"Recomputed from selected_test_predictions.csv with 20000 circular block bootstrap draws, seed 5. Tiny Monte Carlo differences are allowed. CI columns are included in table6_bootstrap_recomputed.csv."
Table 6,AAPL,Technical-plus-HMM minus Technical-only,Balanced accuracy,-0.045,-0.045,PASS,"Recomputed from selected_test_predictions.csv with 20000 circular block bootstrap draws, seed 5. Tiny Monte Carlo differences are allowed. CI columns are included in table6_bootstrap_recomputed.csv."
Table 6,AAPL,Technical-plus-HMM minus Technical-only,Balanced accuracy,-0.045,-0.045,PASS,"Recomputed from selected_test_predictions.csv with 20000 circular block bootstrap draws, seed 5. Tiny Monte Carlo differences are allowed. CI columns are included in table6_bootstrap_recomputed.csv."
Table 6,AAPL,Technical-plus-HMM minus Technical-only,Balanced accuracy,-0.045,-0.045,PASS,"Recomputed from selected_test_predictions.csv with 20000 circular block bootstrap draws, seed 5. Tiny Monte Carlo differences are allowed. CI columns are included in table6_bootstrap_recomputed.csv."
Table 6,IBM,Technical-plus-HMM minus Technical-only,ROC-AUC,0.002,0.002,PASS,"Recomputed from selected_test_predictions.csv with 20000 circular block bootstrap draws, seed 5. Tiny Monte Carlo differences are allowed. CI columns are included in table6_bootstrap_recomputed.csv."
Table 6,IBM,Technical-plus-HMM minus Technical-only,ROC-AUC,0.002,0.002,PASS,"Recomputed from selected_test_predictions.csv with 20000 circular block bootstrap draws, seed 5. Tiny Monte Carlo differences are allowed. CI columns are included in table6_bootstrap_recomputed.csv."
Table 6,IBM,Technical-plus-HMM minus Technical-only,ROC-AUC,0.002,0.002,PASS,"Recomputed from selected_test_predictions.csv with 20000 circular block bootstrap draws, seed 5. Tiny Monte Carlo differences are allowed. CI columns are included in table6_bootstrap_recomputed.csv."
Table 6,IBM,Technical-plus-HMM minus Technical-only,Balanced accuracy,-0.02,-0.02,PASS,"Recomputed from selected_test_predictions.csv with 20000 circular block bootstrap draws, seed 5. Tiny Monte Carlo differences are allowed. CI columns are included in table6_bootstrap_recomputed.csv."
Table 6,IBM,Technical-plus-HMM minus Technical-only,Balanced accuracy,-0.02,-0.02,PASS,"Recomputed from selected_test_predictions.csv with 20000 circular block bootstrap draws, seed 5. Tiny Monte Carlo differences are allowed. CI columns are included in table6_bootstrap_recomputed.csv."
Table 6,IBM,Technical-plus-HMM minus Technical-only,Balanced accuracy,-0.02,-0.02,PASS,"Recomputed from selected_test_predictions.csv with 20000 circular block bootstrap draws, seed 5. Tiny Monte Carlo differences are allowed. CI columns are included in table6_bootstrap_recomputed.csv."
Table 6,MSFT,Technical-plus-HMM minus Technical-only,ROC-AUC,-0.003,-0.003,PASS,"Recomputed from selected_test_predictions.csv with 20000 circular block bootstrap draws, seed 5. Tiny Monte Carlo differences are allowed. CI columns are included in table6_bootstrap_recomputed.csv."
Table 6,MSFT,Technical-plus-HMM minus Technical-only,ROC-AUC,-0.003,-0.003,PASS,"Recomputed from selected_test_predictions.csv with 20000 circular block bootstrap draws, seed 5. Tiny Monte Carlo differences are allowed. CI columns are included in table6_bootstrap_recomputed.csv."
Table 6,MSFT,Technical-plus-HMM minus Technical-only,ROC-AUC,-0.003,-0.003,PASS,"Recomputed from selected_test_predictions.csv with 20000 circular block bootstrap draws, seed 5. Tiny Monte Carlo differences are allowed. CI columns are included in table6_bootstrap_recomputed.csv."
Table 6,MSFT,Technical-plus-HMM minus Technical-only,Balanced accuracy,-0.006,-0.006,PASS,"Recomputed from selected_test_predictions.csv with 20000 circular block bootstrap draws, seed 5. Tiny Monte Carlo differences are allowed. CI columns are included in table6_bootstrap_recomputed.csv."
Table 6,MSFT,Technical-plus-HMM minus Technical-only,Balanced accuracy,-0.006,-0.006,PASS,"Recomputed from selected_test_predictions.csv with 20000 circular block bootstrap draws, seed 5. Tiny Monte Carlo differences are allowed. CI columns are included in table6_bootstrap_recomputed.csv."
Table 6,MSFT,Technical-plus-HMM minus Technical-only,Balanced accuracy,-0.006,-0.006,PASS,"Recomputed from selected_test_predictions.csv with 20000 circular block bootstrap draws, seed 5. Tiny Monte Carlo differences are allowed. CI columns are included in table6_bootstrap_recomputed.csv."
Section 6.1 / Figure 5,AAPL,Vol + Market + QQQ + HMM,Best-observed test ROC-AUC,0.609,0.609,PASS,Compared to best_found_roc_auc_summary.csv.
Section 6.1 / Figure 5,IBM,Vol + Market + QQQ,Best-observed test ROC-AUC,0.699,0.699,PASS,Compared to best_found_roc_auc_summary.csv.
Section 6.1 / Figure 5,MSFT,Vol + Market + QQQ,Best-observed test ROC-AUC,0.663,0.663,PASS,Compared to best_found_roc_auc_summary.csv.
Table 7,AAPL,Rolling paired replication,Folds,9.0,9.0,PASS,Compared to rolling_paired_hmm_summary.csv.
Table 7,AAPL,Rolling paired replication,Mean base AUC,0.479,0.479,PASS,Compared to rolling_paired_hmm_summary.csv.
Table 7,AAPL,Rolling paired replication,Mean HMM AUC,0.49,0.49,PASS,Compared to rolling_paired_hmm_summary.csv.
Table 7,AAPL,Rolling paired replication,Mean delta,0.01,0.01,PASS,Compared to rolling_paired_hmm_summary.csv.
Table 7,AAPL,Rolling paired replication,Pooled base AUC,0.437,0.437,PASS,Compared to rolling_paired_hmm_summary.csv.
Table 7,AAPL,Rolling paired replication,Pooled HMM AUC,0.434,0.434,PASS,Compared to rolling_paired_hmm_summary.csv.
Table 7,IBM,Rolling paired replication,Folds,9.0,9.0,PASS,Compared to rolling_paired_hmm_summary.csv.
Table 7,IBM,Rolling paired replication,Mean base AUC,0.545,0.545,PASS,Compared to rolling_paired_hmm_summary.csv.
Table 7,IBM,Rolling paired replication,Mean HMM AUC,0.527,0.527,PASS,Compared to rolling_paired_hmm_summary.csv.
Table 7,IBM,Rolling paired replication,Mean delta,-0.018,-0.018,PASS,Compared to rolling_paired_hmm_summary.csv.
Table 7,IBM,Rolling paired replication,Pooled base AUC,0.512,0.512,PASS,Compared to rolling_paired_hmm_summary.csv.
Table 7,IBM,Rolling paired replication,Pooled HMM AUC,0.509,0.509,PASS,Compared to rolling_paired_hmm_summary.csv.
Section 7 sign-flip test,AAPL,Rolling paired replication,Exact two-sided sign-flip p-value,0.477,0.477,PASS,Computed over all 512 sign assignments from rolling_paired_hmm_auc_deltas.csv.
Section 7 sign-flip test,IBM,Rolling paired replication,Exact two-sided sign-flip p-value,0.242,0.242,PASS,Computed over all 512 sign assignments from rolling_paired_hmm_auc_deltas.csv.
